station_id,parameter_id,mean_val,max_val
1160622000.0,111.0,39.5,3.5
1160622000.0,115.0,34.73626373626374,9.763736263736263
1160622000.0,141.0,47.130434782608695,5.369565217391305
1160622000.0,142.0,-44.0,2.5
1160629000.0,111.0,32.0,0.5
1160629000.0,112.0,19.641864845773487,5.358135154226513
1160629000.0,113.0,31.833333333333332,0.6666666666666679
1160629000.0,114.0,33.27777777777778,3.2222222222222214
1160629000.0,115.0,34.46361019736842,8.536389802631582
1160629000.0,121.0,231.57231900271697,4.4276809972830335
1160629000.0,122.0,11.368023726071717,6.131976273928283
1160629000.0,123.0,50.0,0.5
1160629000.0,142.0,0.5000070036839378,0.4999929963160622
1160629000.0,145.0,0.49998908987758844,0.5000109101224115
1160629000.0,161.0,2.5316530366000802,1.2683469633999196
1160629000.0,163.0,999990.5,0.5
1161114001.0,111.0,26.833333333333332,1.6666666666666679
1161114001.0,112.0,17.23846153846154,9.76153846153846
1161114001.0,113.0,16.630859375,10.369140625
1161114001.0,114.0,93363.62,906635.38
1161114001.0,115.0,47.39142857142857,10.10857142857143
1161114001.0,116.0,233350.85,766648.15
1161114001.0,121.0,197.34172118772017,17.658278812279832
1161114001.0,122.0,14.17708830548926,24.82291169451074
1161114001.0,142.0,0.5000453802868035,0.49995461971319655
1161114001.0,161.0,2.739182320441989,3.4608176795580112
1161114001.0,162.0,999990.5,0.5
1161114001.0,163.0,999990.5,0.5
1161114002.0,111.0,26.5,0.5
1161114002.0,112.0,26.0,0.5
1161114002.0,113.0,20.725360954174512,4.774639045825488
1161114002.0,114.0,30.244444444444444,5.755555555555556
1161114002.0,115.0,53.15830945558739,15.841690544412607
1161114002.0,121.0,226.82268323710736,13.177316762892644
1161114002.0,122.0,12.040303738317757,12.959696261682243
1161114002.0,123.0,50.0,0.5
1161114002.0,142.0,0.5000076299766523,0.49999237002334773
1161114002.0,143.0,27.0,0.5
1161114002.0,161.0,2.5544293851895503,2.84557061481045
1161114003.0,111.0,26.076923076923077,2.9230769230769234
1161114003.0,112.0,19.34227642276423,10.157723577235771
1161114003.0,113.0,21.49121522693997,8.008784773060029
1161114003.0,114.0,104194.90625,895804.09375
1161114003.0,115.0,45.090106007067135,6.909893992932865
1161114003.0,116.0,377793.3222222222,622205.6777777778
1161114003.0,121.0,220.53362762918724,8.466372370812763
1161114003.0,122.0,9.234779299847792,10.765220700152208
1161114003.0,123.0,50.0,0.5
1161114003.0,142.0,0.5,0.5
1161114003.0,161.0,2.2096983581519667,1.7903016418480333
1161114003.0,162.0,999990.5,0.5
1161114003.0,163.0,999990.5,0.5
1161114004.0,111.0,26.727272727272727,2.2727272727272734
1161114004.0,112.0,14.91020910209102,14.58979089790898
1161114004.0,113.0,15.751759436980166,13.248240563019834
1161114004.0,114.0,75790.05681818182,924208.9431818181
1161114004.0,115.0,42.273708920187794,11.726291079812206
1161114004.0,116.0,428585.04285714286,571413.9571428571
1161114004.0,121.0,218.26578026592023,10.734219734079772
1161114004.0,122.0,14.108816013628621,10.891183986371379
1161114004.0,123.0,26.758064516129032,24.241935483870968
1161114004.0,141.0,52.357142857142854,1.642857142857146
1161114004.0,142.0,-0.8725320401801178,7.8725320401801175
1161114004.0,143.0,27.0,0.5
1161114004.0,144.0,27.666666666666668,0.8333333333333321
1161114004.0,145.0,-0.12131675874769797,7.121316758747698
1161114004.0,152.0,999990.5,0.5
1161114004.0,153.0,999990.5,0.5
1161114004.0,161.0,3.0779638607316,2.3220361392684
1161114004.0,162.0,999990.5555555555,0.4444444444961846
1161114004.0,163.0,999990.5,0.5
1161114004.0,164.0,999990.6,0.40000000002328306
1161114006.0,111.0,26.266666666666666,3.2333333333333343
1161114006.0,112.0,16.925016371971186,13.574983628028814
1161114006.0,113.0,17.520884520884522,12.479115479115478
1161114006.0,114.0,34.23684210526316,10.263157894736842
1161114006.0,115.0,49.44468367008943,13.055316329910568
1161114006.0,116.0,24.25,0.75
1161114006.0,121.0,229.17460317460316,10.825396825396837
1161114006.0,122.0,12.183818046234153,12.816181953765847
1161114006.0,123.0,37.98148148148148,13.018518518518519
1161114006.0,141.0,51.95,1.5499999999999972
1161114006.0,142.0,0.7092238470191226,5.290776152980877
1161114006.0,143.0,26.166666666666668,0.8333333333333321
1161114006.0,144.0,26.166666666666668,0.8333333333333321
1161114006.0,145.0,-1.356469408224674,9.356469408224674
1161114006.0,161.0,2.8514050387596894,2.548594961240311
1161114006.0,162.0,999990.5714285715,0.4285714285215363
1161114006.0,163.0,999990.5,0.5
1161114006.0,164.0,999990.6666666666,0.33333333337213844
1161114007.0,111.0,26.564102564102566,2.4358974358974343
1161114007.0,112.0,17.780241935483872,12.719758064516128
1161114007.0,113.0,18.762114537444933,10.237885462555067
1161114007.0,114.0,33.078125,3.921875
1161114007.0,115.0,44.79347244515784,12.206527554842161
1161114007.0,116.0,24.452380952380953,1.0476190476190474
1161114007.0,121.0,196.30360374334316,23.69639625665684
1161114007.0,122.0,13.339903181189488,23.160096818810512
1161114007.0,123.0,29.794117647058822,20.705882352941178
1161114007.0,141.0,51.25,1.25
1161114007.0,142.0,0.15341138473960436,26.846588615260394
1161114007.0,143.0,25.666666666666668,0.8333333333333321
1161114007.0,152.0,999990.0,0.0
1161114007.0,153.0,999990.5,0.5
1161114007.0,161.0,2.5707329317269076,3.6292670682730925
1161114007.0,162.0,999990.5,0.5
1161114007.0,163.0,999990.4838709678,0.5161290322430432
1161114007.0,164.0,999990.5,0.5
1161114009.0,111.0,24.75,2.75
1161114009.0,112.0,15.979166666666666,13.020833333333334
1161114009.0,113.0,15.306843267108167,14.693156732891833
1161114009.0,114.0,96805.28387096775,903193.7161290322
1161114009.0,115.0,35.450450450450454,6.549549549549546
1161114009.0,116.0,225824.0564516129,774174.9435483871
1161114009.0,121.0,228.97224587093478,9.027754129065215
1161114009.0,122.0,17.29089376053963,29.20910623946037
1161114009.0,123.0,50.0,0.5
1161114009.0,142.0,-0.7465469613259669,0.7465469613259669
1161114009.0,145.0,0.15476190476190477,0.8452380952380952
1161114009.0,161.0,3.4107034958998708,6.789296504100129
1161114009.0,162.0,999990.5,0.5
1161114009.0,163.0,999990.5,0.5
1161114010.0,111.0,25.5,2.0
1161114010.0,112.0,15.125,11.875
1161114010.0,113.0,15.018028846153847,12.481971153846153
1161114010.0,114.0,157919.9605263158,842079.0394736843
1161114010.0,115.0,45.9451395572666,11.0548604427334
1161114010.0,116.0,428583.5857142857,571415.4142857143
1161114010.0,121.0,229.33706106016552,8.662938939834476
1161114010.0,122.0,7.818359375,2.681640625
1161114010.0,123.0,32.26470588235294,18.235294117647058
1161114010.0,142.0,0.5106824108719245,11.489317589128076
1161114010.0,143.0,26.5,0.5
1161114010.0,144.0,26.0,0.5
1161114010.0,145.0,0.5211002573539586,11.47889974264604
1161114010.0,161.0,1.976416938110749,0.4235830618892509
1161114010.0,162.0,999990.4285714285,0.5714285714784637
1161114010.0,163.0,999990.5714285715,0.4285714285215363
1161114010.0,164.0,999990.5,0.5
1161114012.0,111.0,25.166666666666668,1.8333333333333321
1161114012.0,112.0,16.357142857142858,11.142857142857142
1161114012.0,113.0,24.75,1.75
1161114012.0,114.0,33.23684210526316,3.2631578947368425
1161114012.0,115.0,57.72942289498581,16.27057710501419
1161114012.0,116.0,22.6,0.3999999999999986
1161114012.0,121.0,222.65324647586502,7.346753524134982
1161114012.0,122.0,8.85064585575888,17.64935414424112
1161114012.0,142.0,-0.5,0.5
1161114012.0,145.0,-0.5,0.5
1161114012.0,161.0,1.9706394248959513,3.8293605751040483
1161114012.0,162.0,999990.5,0.5
1161114012.0,163.0,999990.6,0.40000000002328306
1161114013.0,111.0,26.0,1.5
1161114013.0,112.0,17.744929797191887,10.255070202808113
1161114013.0,113.0,17.380125086865878,10.619874913134122
1161114013.0,114.0,33.56060606060606,6.439393939393938
1161114013.0,115.0,46.201149425287355,14.298850574712645
1161114013.0,116.0,25.5,1.5
1161114013.0,121.0,217.07485237929836,17.925147620701637
1161114013.0,122.0,10.65873405299313,6.341265947006869
1161114013.0,123.0,25.78,24.22
1161114013.0,141.0,54.0,0.5
1161114013.0,142.0,-0.3017543859649123,8.301754385964912
1161114013.0,143.0,26.166666666666668,0.8333333333333321
1161114013.0,144.0,26.666666666666668,0.8333333333333321
1161114013.0,145.0,0.08115942028985507,8.918840579710144
1161114013.0,161.0,2.304895104895105,1.295104895104895
1161114013.0,162.0,999990.5,0.5
1161114013.0,163.0,999990.5,0.5
1161114013.0,164.0,999990.5,0.5
1161114014.0,111.0,25.5,1.0
1161114014.0,112.0,17.794653014789535,7.205346985210465
1161114014.0,113.0,17.63804713804714,9.361952861952862
1161114014.0,114.0,32.55696202531646,5.443037974683541
1161114014.0,115.0,53.98752688172043,13.012473118279573
1161114014.0,116.0,25.333333333333332,0.6666666666666679
1161114014.0,121.0,220.7677249547623,9.232275045237714
1161114014.0,122.0,8.318151815181519,5.181848184818481
1161114014.0,123.0,50.0,0.5
1161114014.0,142.0,-0.5,0.5
1161114014.0,145.0,0.5,0.5
1161114014.0,153.0,999990.5,0.5
1161114014.0,161.0,1.8711238293444328,1.1288761706555672
1161114014.0,162.0,999990.5,0.5
1161114014.0,163.0,999990.5,0.5
1161114015.0,111.0,25.529411764705884,1.470588235294116
1161114015.0,112.0,20.406593406593405,6.593406593406595
1161114015.0,113.0,19.95823927765237,7.041760722347629
1161114015.0,114.0,32.82222222222222,4.677777777777777
1161114015.0,115.0,47.772625280478685,12.227374719521315
1161114015.0,116.0,24.0,0.5
1161114015.0,121.0,223.29634065202927,8.703659347970728
1161114015.0,122.0,12.68177613320999,7.81822386679001
1161114015.0,142.0,-0.5,0.5
1161114015.0,145.0,-0.500011442433119,0.500011442433119
1161114015.0,161.0,2.810457516339869,1.5895424836601313
1161114015.0,162.0,999990.5,0.5
1161114015.0,163.0,999990.5,0.5
1161114016.0,111.0,25.5,1.0
1161114016.0,112.0,17.723152709359606,8.276847290640394
1161114016.0,113.0,16.993017607771705,9.506982392228295
1161114016.0,114.0,37.645833333333336,10.854166666666664
1161114016.0,115.0,52.464001515725656,13.035998484274344
1161114016.0,121.0,222.70375106564364,10.296248934356356
1161114016.0,122.0,8.57280118255728,6.42719881744272
1161114016.0,142.0,-0.5,0.5
1161114016.0,145.0,-5.494152046783626,1.4941520467836256
1161114016.0,161.0,1.9940365682137835,1.2059634317862167
1161114016.0,162.0,999990.5,0.5
1161114016.0,163.0,999990.5,0.5
1161114017.0,111.0,29.5,5.0
1161114017.0,112.0,17.70965971459934,16.79034028540066
1161114017.0,113.0,18.651046859421736,16.348953140578264
1161114017.0,114.0,33.15277777777778,4.847222222222221
1161114017.0,115.0,50.5362765229295,18.963723477070502
1161114017.0,116.0,24.333333333333332,7.166666666666668
1161114017.0,121.0,198.83309161227942,43.16690838772058
1161114017.0,122.0,11.234580917237745,21.765419082762257
1161114017.0,123.0,21.333333333333332,28.666666666666668
1161114017.0,124.0,136.6555,3.3445000000000107
1161114017.0,125.0,8.950980392156863,6.049019607843137
1161114017.0,126.0,18.342105263157894,17.657894736842106
1161114017.0,141.0,54.21666666666667,3.7833333333333314
1161114017.0,142.0,-4.263950398582817,17.263950398582818
1161114017.0,143.0,26.933333333333334,2.0666666666666664
1161114017.0,152.0,999990.0,0.0
1161114017.0,153.0,999990.5,0.5
1161114017.0,161.0,1.9681261595547308,4.031873840445269
1161114017.0,162.0,999990.5,0.5
1161114017.0,163.0,999990.5,0.5
1161114017.0,164.0,999990.4,0.5999999999767169
1161114017.0,165.0,999990.3333333334,0.6666666666278616
1161114018.0,111.0,25.5,1.0
1161114018.0,112.0,14.273524720893143,13.226475279106857
1161114018.0,113.0,14.279467680608365,12.720532319391635
1161114018.0,114.0,106694.54666666666,893304.4533333334
1161114018.0,115.0,36.12338425381903,8.876615746180967
1161114018.0,116.0,187518.09375,812480.90625
1161114018.0,121.0,220.0623982637005,13.937601736299513
1161114018.0,122.0,9.575757575757576,2.924242424242424
1161114018.0,142.0,-0.11538461538461539,1.1153846153846154
1161114018.0,145.0,0.5001398288494883,1.4998601711505117
1161114018.0,161.0,1.9486196319018405,0.6513803680981596
1161114018.0,162.0,999990.5,0.5
1161114018.0,163.0,999990.5,0.5
1161114019.0,111.0,27.5,2.0
1161114019.0,112.0,18.565217391304348,10.934782608695652
1161114019.0,113.0,19.513986013986013,7.486013986013987
1161114019.0,114.0,31.333333333333332,5.166666666666668
1161114019.0,115.0,47.530252100840336,9.969747899159664
1161114019.0,116.0,27.0,0.0
1161114019.0,121.0,217.32397307960085,20.676026920399153
1161114019.0,122.0,11.533218785796105,8.466781214203895
1161114019.0,123.0,50.0,0.5
1161114019.0,142.0,0.5,0.5
1161114019.0,161.0,2.7373012267151293,1.662698773284871
1161114019.0,162.0,999990.5,0.5
1161114019.0,163.0,999990.5,0.5
1161114020.0,1.0,999991.0,0.0
1161114020.0,111.0,999999.0,0.0
1161114020.0,112.0,37.5,1.0
1161114020.0,113.0,36.75,1.75
1161114020.0,114.0,76954.47252747252,923044.5274725275
1161114020.0,115.0,999999.0,0.0
1161114020.0,116.0,285741.5714285714,714257.4285714286
1161114020.0,121.0,191.50960337289195,39.490396627108055
1161114020.0,122.0,17.923819742489272,18.076180257510728
1161114020.0,123.0,50.166666666666664,0.3333333333333357
1161114020.0,124.0,0.0,0.0
1161114020.0,125.0,0.0,0.0
1161114020.0,126.0,0.0,0.0
1161114020.0,141.0,51.005,0.49499999999999744
1161114020.0,142.0,-0.3533808361154019,9.353380836115402
1161114020.0,143.0,26.0,0.0
1161114020.0,144.0,27.6,0.3999999999999986
1161114020.0,145.0,-0.6838914794404408,9.68389147944044
1161114020.0,151.0,999990.0,0.0
1161114020.0,152.0,999990.0,0.0
1161114020.0,153.0,999990.0,0.0
1161114020.0,154.0,999990.0,0.0
1161114020.0,155.0,999990.0,0.0
1161114020.0,161.0,2.148799685163321,1.2512003148366788
1161114020.0,162.0,999990.5,0.5
1161114020.0,163.0,999990.5,0.5
1161114020.0,164.0,999991.0,0.0
1161114020.0,165.0,999990.0,0.0
1161114022.0,111.0,25.5,0.5
1161114022.0,112.0,19.82992641046607,5.170073589533931
1161114022.0,113.0,18.91563113145847,7.084368868541532
1161114022.0,114.0,32.02857142857143,4.471428571428568
1161114022.0,115.0,55.412955465587046,11.587044534412954
1161114022.0,116.0,23.545454545454547,0.45454545454545325
1161114022.0,121.0,232.11086604911043,7.889133950889573
1161114022.0,122.0,10.377274287675936,5.622725712324064
1161114022.0,142.0,0.5000159382869529,0.4999840617130471
1161114022.0,161.0,2.1353538774128005,1.4646461225871996
1161114022.0,162.0,999990.5,0.5
1161114022.0,163.0,999990.5,0.5
1161114023.0,111.0,26.0,1.0
1161114023.0,112.0,18.31631254283756,6.1836874571624385
1161114023.0,113.0,25.5,0.5
1161114023.0,114.0,32.289855072463766,4.710144927536234
1161114023.0,115.0,52.2172034564022,13.282796543597797
1161114023.0,116.0,25.0,0.5
1161114023.0,121.0,224.68409711248384,10.31590288751616
1161114023.0,122.0,13.224325726141078,6.775674273858922
1161114023.0,142.0,-0.5,0.5
1161114023.0,161.0,3.29981308411215,1.1001869158878503
1161114024.0,111.0,25.95762711864407,7.542372881355931
1161114024.0,112.0,17.822274881516588,15.677725118483412
1161114024.0,113.0,26.22289156626506,8.277108433734941
1161114024.0,114.0,33.80952380952381,6.19047619047619
1161114024.0,115.0,44.58433734939759,14.915662650602407
1161114024.0,116.0,22.594594594594593,7.905405405405407
1161114024.0,121.0,216.67206762944699,8.327932370553015
1161114024.0,122.0,12.16518847006652,10.33481152993348
1161114024.0,123.0,39.016666666666666,11.483333333333334
1161114024.0,141.0,53.0,0.0
1161114024.0,142.0,0.4536834427425237,6.546316557257477
1161114024.0,145.0,0.5012154696132597,8.49878453038674
1161114024.0,161.0,2.388568194680249,2.4114318053197508
1161114024.0,162.0,999990.5,0.5
1161114024.0,163.0,999990.5,0.5
1161114024.0,164.0,999990.5,0.5
1161114026.0,1.0,999990.5,0.5
1161114026.0,111.0,26.181818181818183,2.8181818181818166
1161114026.0,112.0,27.23076923076923,2.76923076923077
1161114026.0,113.0,17.45806451612903,11.541935483870969
1161114026.0,114.0,32.345,4.155000000000001
1161114026.0,115.0,33.589635854341736,7.410364145658264
1161114026.0,116.0,23.75,1.75
1161114026.0,121.0,201.4198049512378,22.580195048762192
1161114026.0,122.0,10.244282744282744,6.755717255717256
1161114026.0,123.0,50.0,0.0
1161114026.0,124.0,0.0,0.0
1161114026.0,125.0,0.0,0.0
1161114026.0,126.0,0.0,0.0
1161114026.0,141.0,46.25,0.25
1161114026.0,142.0,2.499962179089575,0.5000378209104248
1161114026.0,143.0,23.0,0.0
1161114026.0,144.0,23.5,0.0
1161114026.0,145.0,2.4999680436310956,0.5000319563689044
1161114026.0,151.0,999990.0,0.0
1161114026.0,152.0,999990.0,0.0
1161114026.0,153.0,999990.0,0.0
1161114026.0,154.0,999990.0,0.0
1161114026.0,155.0,999990.0,0.0
1161114026.0,161.0,2.2384492830589484,0.5615507169410514
1161114026.0,162.0,999990.0,0.0
1161114026.0,163.0,999990.5,0.5
1161114026.0,164.0,999991.0,0.0
1161114026.0,165.0,999990.0,0.0
1161114027.0,111.0,24.0,0.5
1161114027.0,112.0,16.612734864300627,7.887265135699373
1161114027.0,113.0,17.189583333333335,7.310416666666665
1161114027.0,114.0,30.53488372093023,4.465116279069768
1161114027.0,115.0,56.222632639355275,11.277367360644725
1161114027.0,116.0,16688.333333333332,983310.6666666666
1161114027.0,121.0,229.08057480112907,10.919425198870925
1161114027.0,122.0,11.432094594594595,6.067905405405405
1161114027.0,142.0,-0.5,0.5
1161114027.0,161.0,2.667019204007793,1.3329807959922069
1161114027.0,162.0,999990.5,0.5
1161114027.0,163.0,999990.5,0.5
1161114028.0,111.0,33.5,1.0
1161114028.0,112.0,35.285714285714285,1.2142857142857153
1161114028.0,113.0,30.196969696969695,4.8030303030303045
1161114028.0,114.0,31.216216216216218,3.2837837837837824
1161114028.0,115.0,41.97826086956522,1.5217391304347814
1161114028.0,116.0,33.0,0.0
1161114028.0,121.0,216.72337302234547,24.27662697765453
1161114028.0,122.0,10.253055355859095,15.246944644140905
1161114028.0,123.0,50.0,0.5
1161114028.0,141.0,53.5,0.0
1161114028.0,142.0,0.5002665600426496,1.4997334399573505
1161114028.0,145.0,-0.5002235669359406,0.5002235669359406
1161114028.0,161.0,1.9266690215471562,3.0733309784528435
1161114028.0,163.0,999990.5,0.5
1161114029.0,111.0,24.944444444444443,2.055555555555557
1161114029.0,112.0,18.3810888252149,10.6189111747851
1161114029.0,113.0,17.10351692103517,10.896483078964831
1161114029.0,114.0,33.06976744186046,4.4302325581395365
1161114029.0,115.0,51.72700729927007,13.27299270072993
1161114029.0,116.0,22.860696517412936,2.1393034825870636
1161114029.0,121.0,221.02305379218177,15.97694620781823
1161114029.0,122.0,12.229044117647058,25.770955882352943
1161114029.0,123.0,50.0,0.5
1161114029.0,142.0,0.5,0.5
1161114029.0,161.0,2.5819639278557114,4.618036072144289
1161114029.0,162.0,999990.5555555555,0.4444444444961846
1161114029.0,163.0,999990.5454545454,0.4545454545877874
1161114030.0,111.0,24.0,0.5
1161114030.0,112.0,16.904635761589404,7.595364238410596
1161114030.0,113.0,13.678646934460888,10.821353065539112
1161114030.0,114.0,31.54320987654321,4.456790123456791
1161114030.0,115.0,46.10188679245283,15.39811320754717
1161114030.0,116.0,10891.760869565218,989107.2391304348
1161114030.0,121.0,218.03792938931298,18.96207061068702
1161114030.0,122.0,9.878378378378379,5.121621621621621
1161114030.0,141.0,54.92857142857143,1.0714285714285694
1161114030.0,142.0,0.5,0.5
1161114030.0,161.0,2.172024085224641,0.8279759147753589
1161114030.0,162.0,999990.5,0.5
1161114030.0,163.0,999990.5,0.5
1161114032.0,111.0,26.928571428571427,0.571428571428573
1161114032.0,112.0,26.0,0.5
1161114032.0,113.0,17.490433971068594,9.509566028931406
1161114032.0,114.0,33.888888888888886,4.111111111111114
1161114032.0,115.0,59.324262461851475,14.175737538148525
1161114032.0,116.0,22.83732057416268,2.1626794258373216
1161114032.0,121.0,211.3770593720858,14.622940627914204
1161114032.0,122.0,11.659548944337812,6.840451055662188
1161114032.0,123.0,31.655172413793103,18.844827586206897
1161114032.0,141.0,52.666666666666664,1.3333333333333357
1161114032.0,142.0,-0.8477699963140435,27.847769996314042
1161114032.0,143.0,26.5,0.5
1161114032.0,152.0,999990.5,0.5
1161114032.0,153.0,999990.5,0.5
1161114032.0,161.0,2.4991608391608393,1.3008391608391605
1161114032.0,163.0,999990.6666666666,0.33333333337213844
1161114032.0,164.0,999990.6666666666,0.33333333337213844
1161114033.0,111.0,26.833333333333332,5.666666666666668
1161114033.0,112.0,684.6204136090727,999314.3795863909
1161114033.0,113.0,24.927884615384617,12.072115384615383
1161114033.0,114.0,35.464285714285715,10.535714285714285
1161114033.0,115.0,44.22541254125412,12.274587458745877
1161114033.0,116.0,24.82758620689655,4.172413793103448
1161114033.0,121.0,207.4710690471069,23.52893095289309
1161114033.0,122.0,12.032421177870315,13.967578822129685
1161114033.0,123.0,31.620689655172413,18.879310344827587
1161114033.0,141.0,52.857142857142854,1.642857142857146
1161114033.0,142.0,0.398900525661089,10.60109947433891
1161114033.0,143.0,26.5,1.0
1161114033.0,161.0,2.203678326721962,3.1963216732780384
1161114033.0,162.0,999990.5714285715,0.4285714285215363
1161114033.0,163.0,999990.5,0.5
1161114033.0,164.0,999990.6666666666,0.33333333337213844
1161114035.0,111.0,26.074074074074073,1.9259259259259274
1161114035.0,112.0,17.11320754716981,9.88679245283019
1161114035.0,113.0,25.218446601941746,4.281553398058254
1161114035.0,114.0,35.32743362831859,6.6725663716814125
1161114035.0,115.0,51.54134956874683,12.458650431253169
1161114035.0,116.0,23.808943089430894,20.691056910569106
1161114035.0,121.0,218.7989815062986,15.201018493701412
1161114035.0,122.0,12.65983860955928,10.84016139044072
1161114035.0,123.0,31.133333333333333,19.366666666666667
1161114035.0,141.0,53.5,1.5
1161114035.0,142.0,0.5741479332849891,14.425852066715011
1161114035.0,143.0,27.0,0.5
1161114035.0,152.0,999990.5,0.5
1161114035.0,153.0,999990.5,0.5
1161114035.0,161.0,2.9174488567990373,2.0825511432009627
1161114035.0,162.0,999990.5454545454,0.4545454545877874
1161114035.0,163.0,999990.5,0.5
1161114035.0,164.0,999990.6666666666,0.33333333337213844
1161114036.0,111.0,26.5,3.0
1161114036.0,112.0,14.636723163841808,14.863276836158192
1161114036.0,113.0,16.736291126620138,11.763708873379862
1161114036.0,114.0,71458.54464285714,928540.4553571428
1161114036.0,115.0,36.940816326530616,15.059183673469384
1161114036.0,116.0,250017.921875,749981.078125
1161114036.0,121.0,212.84913671101046,14.150863288989541
1161114036.0,122.0,11.646363098758131,12.353636901241869
1161114036.0,123.0,31.862068965517242,18.637931034482758
1161114036.0,141.0,52.464285714285715,2.0357142857142847
1161114036.0,142.0,-0.28016744524661774,25.28016744524662
1161114036.0,143.0,26.25,0.75
1161114036.0,161.0,2.370585106382979,2.829414893617021
1161114036.0,162.0,999990.5555555555,0.4444444444961846
1161114036.0,163.0,999990.5,0.5
1161114036.0,164.0,999990.6666666666,0.33333333337213844
1161114037.0,111.0,33.5,2.0
1161114037.0,112.0,33.5,1.5
1161114037.0,113.0,33.55555555555556,2.444444444444443
1161114037.0,114.0,37531.9875,962467.0125
1161114037.0,115.0,50.54545454545455,2.4545454545454533
1161114037.0,116.0,484864.6212121212,515134.3787878788
1161114037.0,121.0,212.09705947380058,19.902940526199416
1161114037.0,122.0,9.018518518518519,10.981481481481481
1161114037.0,123.0,31.655172413793103,18.844827586206897
1161114037.0,141.0,53.666666666666664,0.3333333333333357
1161114037.0,142.0,-0.49019607843137253,11.490196078431373
1161114037.0,143.0,29.071428571428573,0.928571428571427
1161114037.0,161.0,1.6566265060240963,2.5433734939759036
1161114037.0,164.0,999990.6666666666,0.33333333337213844
1161114038.0,111.0,26.5,1.0
1161114038.0,112.0,15.227963525835866,7.272036474164134
1161114038.0,113.0,25.166666666666668,1.3333333333333321
1161114038.0,114.0,35.178899082568805,7.321100917431195
1161114038.0,115.0,40.8562874251497,10.143712574850298
1161114038.0,121.0,215.55202845100106,20.447971548998936
1161114038.0,122.0,6.096153846153846,3.403846153846154
1161114038.0,123.0,50.0,0.5
1161114038.0,145.0,0.5,0.5
1161114038.0,161.0,1.5998481397114654,0.2001518602885346
1161114040.0,111.0,24.5,1.0
1161114040.0,112.0,15.903940886699507,10.096059113300493
1161114040.0,113.0,16.140831758034025,9.859168241965975
1161114040.0,114.0,30.53846153846154,2.96153846153846
1161114040.0,115.0,40.07395925597874,10.426040744021257
1161114040.0,121.0,219.6572041984733,10.342795801526705
1161114040.0,122.0,12.326923076923077,15.173076923076923
1161114040.0,142.0,0.35584415584415585,1.6441558441558441
1161114040.0,145.0,0.31648351648351647,1.6835164835164835
1161114040.0,161.0,2.667560889516414,2.7324391104835866
1161114040.0,162.0,999990.5,0.5
1161114040.0,163.0,999990.5,0.5
1161114041.0,111.0,30.0,4.0
1161114041.0,112.0,17.651629072681704,16.848370927318296
1161114041.0,113.0,16.41187384044527,18.58812615955473
1161114041.0,114.0,30.4,4.100000000000001
1161114041.0,115.0,49.032233883058474,11.967766116941526
1161114041.0,116.0,28.0,2.5
1161114041.0,121.0,218.93119178863333,15.068808211366672
1161114041.0,122.0,8.706060606060607,3.793939393939393
1161114041.0,123.0,41.625,8.875
1161114041.0,141.0,52.5,0.0
1161114041.0,142.0,-0.305019305019305,6.305019305019305
1161114041.0,145.0,0.7816091954022989,5.218390804597701
1161114041.0,151.0,999990.0,0.0
1161114041.0,152.0,999990.0,0.0
1161114041.0,153.0,999990.0,0.0
1161114041.0,154.0,999990.0,0.0
1161114041.0,155.0,999990.0,0.0
1161114041.0,161.0,1.9740932642487046,0.6259067357512955
1161114041.0,162.0,999990.5,0.5
1161114041.0,163.0,999990.4,0.5999999999767169
1161114041.0,164.0,999990.5,0.5
1161114042.0,111.0,26.0,1.0
1161114042.0,112.0,26.0,0.0
1161114042.0,113.0,19.217198335644937,5.782801664355063
1161114042.0,114.0,33.78082191780822,7.719178082191782
1161114042.0,115.0,47.86238846945779,10.637611530542209
1161114042.0,121.0,223.6867661059981,15.313233894001911
1161114042.0,122.0,9.742977015687705,5.257022984312295
1161114042.0,141.0,52.5,0.0
1161114042.0,142.0,0.5,0.5
1161114042.0,145.0,0.5,0.5
1161114042.0,161.0,2.2026743075453674,0.9973256924546328
1161114043.0,111.0,36.0,2.0
1161114043.0,112.0,37.0,2.0
1161114043.0,113.0,37.0,2.0
1161114043.0,114.0,31.14814814814815,3.851851851851851
1161114043.0,115.0,42.5,2.0
1161114043.0,116.0,35.5,1.5
1161114043.0,121.0,220.3079994085465,13.692000591453507
1161114043.0,122.0,8.071428571428571,0.9285714285714288
1161114043.0,142.0,0.5000661413156453,1.4999338586843547
1161114043.0,145.0,-0.4552238805970149,1.455223880597015
1161114043.0,152.0,999990.5,0.5
1161114043.0,153.0,999990.5,0.5
1161114043.0,161.0,1.5000318775900543,0.09996812240994579
1161114044.0,1.0,999991.0,0.0
1161114044.0,111.0,26.824324324324323,1.6756756756756772
1161114044.0,112.0,16.836569579288025,12.663430420711975
1161114044.0,113.0,16.508384819064432,12.491615180935568
1161114044.0,114.0,31.322429906542055,5.177570093457945
1161114044.0,115.0,42.28353253652058,14.216467463479418
1161114044.0,116.0,23.754545454545454,1.745454545454546
1161114044.0,121.0,209.25209740126868,24.747902598731315
1161114044.0,122.0,5.736698499317872,9.263301500682129
1161114044.0,123.0,25.88157894736842,25.11842105263158
1161114044.0,124.0,0.0,0.0
1161114044.0,125.0,0.0,0.0
1161114044.0,126.0,0.0,0.0
1161114044.0,141.0,48.690677966101696,4.8093220338983045
1161114044.0,142.0,0.5119856303069888,10.488014369693012
1161114044.0,143.0,23.46987951807229,4.03012048192771
1161114044.0,144.0,25.485714285714284,1.014285714285716
1161114044.0,145.0,0.060798010892730285,6.93920198910727
1161114044.0,151.0,999990.0,0.0
1161114044.0,152.0,999990.0,0.0
1161114044.0,153.0,999990.5,0.5
1161114044.0,154.0,999990.0,0.0
1161114044.0,155.0,999990.0,0.0
1161114044.0,161.0,1.2137014314928425,1.5862985685071573
1161114044.0,162.0,999990.375,0.625
1161114044.0,163.0,999990.5217391305,0.4782608695095405
1161114044.0,164.0,999990.5,0.5
1161114044.0,165.0,999990.0,0.0
1161114045.0,1.0,999991.0,0.0
1161114045.0,111.0,27.6,2.3999999999999986
1161114045.0,112.0,16.174373795761078,14.825626204238922
1161114045.0,113.0,22.62714508580343,8.87285491419657
1161114045.0,114.0,35.79891304347826,9.201086956521742
1161114045.0,115.0,51.501095804633685,13.998904195366315
1161114045.0,116.0,24.09375,2.90625
1161114045.0,121.0,213.99456354497897,25.005436455021027
1161114045.0,122.0,9.04212916246216,9.95787083753784
1161114045.0,123.0,34.11363636363637,16.386363636363633
1161114045.0,124.0,123.06896551724138,44.93103448275862
1161114045.0,125.0,1.8,2.7
1161114045.0,126.0,19.03846153846154,19.96153846153846
1161114045.0,141.0,47.276315789473685,6.723684210526315
1161114045.0,142.0,-0.6604236631361405,18.66042366313614
1161114045.0,143.0,25.22222222222222,1.7777777777777786
1161114045.0,151.0,999990.0,0.0
1161114045.0,152.0,999990.0,0.0
1161114045.0,153.0,999990.5,0.5
1161114045.0,154.0,999990.0,0.0
1161114045.0,155.0,999990.0,0.0
1161114045.0,161.0,1.476082611592272,2.123917388407728
1161114045.0,162.0,999990.5,0.5
1161114045.0,163.0,999990.4,0.5999999999767169
1161114045.0,164.0,999990.5,0.5
1161114045.0,165.0,999990.3333333334,0.6666666666278616
1161114046.0,111.0,35.94444444444444,2.555555555555557
1161114046.0,112.0,37.44444444444444,2.555555555555557
1161114046.0,113.0,37.44444444444444,2.555555555555557
1161114046.0,114.0,32.83529411764706,3.1647058823529406
1161114046.0,115.0,42.5,4.0
1161114046.0,116.0,35.5,0.0
1161114046.0,121.0,207.97544800338648,29.024551996613525
1161114046.0,122.0,9.098765432098766,13.401234567901234
1161114046.0,123.0,34.9,15.600000000000001
1161114046.0,141.0,51.9,2.6000000000000014
1161114046.0,142.0,-0.5147010530463909,11.514701053046391
1161114046.0,143.0,26.0,0.5
1161114046.0,161.0,1.7365853658536583,2.2634146341463417
1161114046.0,164.0,999990.5,0.5
1161114047.0,111.0,33.833333333333336,3.6666666666666643
1161114047.0,112.0,33.38297872340426,7.617021276595743
1161114047.0,113.0,21.249101796407185,18.750898203592815
1161114047.0,114.0,34.61904761904762,5.88095238095238
1161114047.0,115.0,43.24296675191816,22.75703324808184
1161114047.0,116.0,32.5,3.0
1161114047.0,121.0,205.80302258447955,20.19697741552045
1161114047.0,122.0,9.84,5.66
1161114047.0,123.0,33.45,17.049999999999997
1161114047.0,124.0,219.08073929961088,2.919260700389117
1161114047.0,125.0,11.26388888888889,12.23611111111111
1161114047.0,126.0,32.421052631578945,17.578947368421055
1161114047.0,141.0,52.25,1.25
1161114047.0,142.0,0.5838584585555017,5.416141541444499
1161114047.0,143.0,26.0,0.5
1161114047.0,152.0,999990.5,0.5
1161114047.0,153.0,999990.5,0.5
1161114047.0,161.0,2.0473799126637555,0.9526200873362445
1161114047.0,163.0,999990.5,0.5
1161114047.0,164.0,999990.5,0.5
1161114047.0,165.0,999990.5,0.5
1161114048.0,111.0,25.952380952380953,1.5476190476190474
1161114048.0,112.0,17.721467391304348,10.778532608695652
1161114048.0,113.0,25.958333333333332,2.041666666666668
1161114048.0,114.0,32.22093023255814,5.279069767441861
1161114048.0,115.0,42.755593803786574,12.744406196213426
1161114048.0,116.0,35737.232142857145,964261.7678571428
1161114048.0,121.0,199.78592082959418,21.214079170405824
1161114048.0,122.0,14.402329749103943,25.09767025089606
1161114048.0,142.0,0.5,0.5
1161114048.0,161.0,2.7692651578653256,3.630734842134675
1161114048.0,162.0,999990.5,0.5
1161114048.0,163.0,999990.5,0.5
1161114049.0,111.0,26.75,0.75
1161114049.0,112.0,19.43166666666667,9.068333333333332
1161114049.0,113.0,20.003367003367003,8.496632996632997
1161114049.0,114.0,31.012820512820515,3.4871794871794854
1161114049.0,115.0,38.38772213247173,13.11227786752827
1161114049.0,116.0,23.523364485981308,1.4766355140186924
1161114049.0,121.0,220.0228744773305,14.977125522669496
1161114049.0,122.0,11.308279742765274,10.691720257234726
1161114049.0,123.0,32.01470588235294,18.485294117647058
1161114049.0,141.0,51.94736842105263,2.55263157894737
1161114049.0,142.0,2.2618361465623713,13.738163853437628
1161114049.0,143.0,26.0,1.0
1161114049.0,161.0,2.488308457711443,2.311691542288557
1161114049.0,162.0,999990.5555555555,0.4444444444961846
1161114049.0,163.0,999990.4444444445,0.5555555555038154
1161114049.0,164.0,999990.5,0.5
1161114050.0,111.0,26.5,1.0
1161114050.0,112.0,27.0,0.0
1161114050.0,113.0,18.892441860465116,5.107558139534884
1161114050.0,114.0,36.71052631578947,9.789473684210527
1161114050.0,115.0,51.03399602385686,12.466003976143142
1161114050.0,121.0,216.00769899416366,6.992301005836339
1161114050.0,122.0,10.6481178396072,6.851882160392799
1161114050.0,123.0,50.0,0.5
1161114050.0,142.0,-0.884180790960452,0.884180790960452
1161114050.0,145.0,0.5,0.5
1161114050.0,161.0,2.355612572161642,1.444387427838358
1161114051.0,111.0,25.8,1.6999999999999993
1161114051.0,112.0,17.384089496581726,9.615910503418274
1161114051.0,113.0,16.6113074204947,11.3886925795053
1161114051.0,114.0,32.783018867924525,3.2169811320754746
1161114051.0,115.0,48.19761904761905,14.80238095238095
1161114051.0,116.0,27.55263157894737,1.44736842105263
1161114051.0,121.0,221.37863351715114,9.621366482848856
1161114051.0,122.0,11.821737421383649,6.178262578616351
1161114051.0,142.0,-0.5,0.5
1161114051.0,143.0,24.0,0.5
1161114051.0,145.0,-0.2888198757763975,1.2888198757763976
1161114051.0,151.0,999990.5,0.5
1161114051.0,153.0,999990.5,0.5
1161114051.0,161.0,2.498427509936063,1.501572490063937
1161114051.0,162.0,999990.4444444445,0.5555555555038154
1161114051.0,163.0,999990.5555555555,0.4444444444961846
1161114052.0,111.0,26.25,0.75
1161114052.0,112.0,25.533333333333335,0.466666666666665
1161114052.0,113.0,19.14153511159499,5.85846488840501
1161114052.0,114.0,32.57142857142857,4.428571428571431
1161114052.0,115.0,40.54713804713805,9.952861952861952
1161114052.0,116.0,23.185185185185187,0.8148148148148131
1161114052.0,121.0,214.55608353132425,11.443916468675752
1161114052.0,122.0,11.352054794520548,6.147945205479452
1161114052.0,161.0,2.5294703485740158,1.0705296514259843
1161114053.0,111.0,27.18421052631579,3.315789473684209
1161114053.0,112.0,18.89516465193831,12.604835348061691
1161114053.0,113.0,27.125,3.875
1161114053.0,114.0,31.53448275862069,5.46551724137931
1161114053.0,115.0,47.04785415875427,12.95214584124573
1161114053.0,116.0,23.653846153846153,2.3461538461538467
1161114053.0,121.0,218.44269089749722,6.557309102502785
1161114053.0,122.0,14.984318118174182,20.01568188182582
1161114053.0,123.0,25.03921568627451,25.46078431372549
1161114053.0,141.0,51.2962962962963,1.7037037037037024
1161114053.0,142.0,0.3294610293124409,6.670538970687559
1161114053.0,143.0,25.8,0.6999999999999993
1161114053.0,144.0,25.5,1.0
1161114053.0,145.0,1.223628111676523,5.776371888323477
1161114053.0,152.0,999990.5,0.5
1161114053.0,153.0,999990.5,0.5
1161114053.0,161.0,3.229472498592078,4.3705275014079215
1161114053.0,162.0,999990.5,0.5
1161114053.0,164.0,999990.5,0.5
1161114054.0,111.0,26.5,1.5
1161114054.0,112.0,20.58475894245723,4.915241057542769
1161114054.0,113.0,17.491784037558684,8.508215962441316
1161114054.0,114.0,33.19491525423729,8.305084745762713
1161114054.0,115.0,51.79936305732484,11.20063694267516
1161114054.0,121.0,218.50813927198735,7.491860728012654
1161114054.0,122.0,12.385292332591543,18.114707667408457
1161114054.0,142.0,-1.5000446428571428,0.5000446428571428
1161114054.0,161.0,2.5562112717615815,3.843788728238419
1161114054.0,162.0,999990.5,0.5
1161114054.0,163.0,999990.5,0.5
1161114055.0,111.0,28.115384615384617,2.3846153846153832
1161114055.0,112.0,20.271428571428572,8.728571428571428
1161114055.0,113.0,27.25,3.75
1161114055.0,114.0,48425.74193548387,951573.2580645161
1161114055.0,115.0,27.890243902439025,5.109756097560975
1161114055.0,116.0,315808.0,684191.0
1161114055.0,121.0,214.3749203517268,11.625079648273214
1161114055.0,122.0,8.719298245614034,9.780701754385966
1161114055.0,123.0,35.36585365853659,15.134146341463413
1161114055.0,141.0,51.325,2.674999999999997
1161114055.0,142.0,2.0641471904525113,14.93585280954749
1161114055.0,143.0,26.0,1.0
1161114055.0,161.0,1.8822939866369712,1.7177060133630289
1161114055.0,162.0,999990.5,0.5
1161114055.0,164.0,999990.5,0.5
1161114056.0,111.0,26.442857142857143,2.057142857142857
1161114056.0,112.0,23.94736842105263,7.55263157894737
1161114056.0,113.0,17.637896825396826,13.362103174603174
1161114056.0,114.0,33.94059405940594,7.059405940594061
1161114056.0,115.0,50.78022232515053,17.719777674849468
1161114056.0,116.0,25.5,0.5
1161114056.0,121.0,225.82518768193657,10.174812318063431
1161114056.0,122.0,15.73960436011304,26.26039563988696
1161114056.0,123.0,31.606060606060606,18.893939393939394
1161114056.0,141.0,52.88235294117647,2.117647058823529
1161114056.0,142.0,0.534517766497462,13.465482233502538
1161114056.0,143.0,27.0,1.5
1161114056.0,161.0,3.3218186079212564,5.0781813920787435
1161114056.0,162.0,999990.4615384615,0.5384615384973586
1161114056.0,163.0,999990.5333333333,0.4666666666744277
1161114056.0,164.0,999990.5,0.5
1161114057.0,111.0,26.5,1.0
1161114057.0,113.0,20.675675675675677,7.324324324324323
1161114057.0,114.0,33.25,5.25
1161114057.0,115.0,41.84513274336283,17.654867256637168
1161114057.0,116.0,24.25,1.25
1161114057.0,121.0,233.7013666763594,12.298633323640587
1161114057.0,122.0,8.123198198198198,5.376801801801802
1161114057.0,123.0,23.673076923076923,26.326923076923077
1161114057.0,141.0,51.30555555555556,2.694444444444443
1161114057.0,142.0,-0.4541508047819408,23.45415080478194
1161114057.0,143.0,27.0,1.0
1161114057.0,161.0,1.6031572023679017,1.3968427976320983
1161114057.0,163.0,999990.5,0.5
1161114057.0,164.0,999990.5,0.5
1161114058.0,111.0,26.7,1.3000000000000007
1161114058.0,112.0,23.689922480620154,4.8100775193798455
1161114058.0,113.0,26.583333333333332,1.9166666666666679
1161114058.0,114.0,67992.17961165048,932006.8203883495
1161114058.0,115.0,38.66512702078522,7.334872979214779
1161114058.0,116.0,292701.4512195122,707297.5487804879
1161114058.0,121.0,222.78145583516297,10.218544164837027
1161114058.0,122.0,9.048976608187134,16.951023391812868
1161114058.0,123.0,31.833333333333332,18.666666666666668
1161114058.0,141.0,51.970588235294116,2.029411764705884
1161114058.0,142.0,0.6031225013676724,30.39687749863233
1161114058.0,143.0,26.0,1.0
1161114058.0,144.0,26.0,1.0
1161114058.0,145.0,-0.46598847362906043,27.46598847362906
1161114058.0,161.0,2.1376984126984127,3.0623015873015875
1161114058.0,162.0,999990.5,0.5
1161114058.0,164.0,999990.5,0.5
1161114059.0,111.0,28.884615384615383,3.6153846153846168
1161114059.0,112.0,18.42005076142132,15.079949238578681
1161114059.0,113.0,26.919786096256683,7.080213903743317
1161114059.0,114.0,34.6625,5.337499999999999
1161114059.0,115.0,45.757165605095544,13.742834394904456
1161114059.0,116.0,27.703703703703702,3.2962962962962976
1161114059.0,121.0,202.31898635477583,38.68101364522417
1161114059.0,122.0,15.110261637784573,22.389738362215425
1161114059.0,123.0,33.18055555555556,17.319444444444443
1161114059.0,141.0,52.68421052631579,2.8157894736842124
1161114059.0,142.0,0.1898355754857997,1.8101644245142003
1161114059.0,143.0,25.7,1.3000000000000007
1161114059.0,144.0,26.0,1.0
1161114059.0,145.0,-0.2079606171579516,16.20796061715795
1161114059.0,161.0,2.725217391304348,3.074782608695652
1161114059.0,162.0,999990.4976958525,0.5023041474632919
1161114059.0,164.0,999990.5,0.5
1161114060.0,111.0,26.5,1.5
1161114060.0,112.0,17.425659472422062,7.074340527577938
1161114060.0,113.0,16.507083825265642,9.492916174734358
1161114060.0,114.0,32.383720930232556,4.116279069767444
1161114060.0,115.0,46.83316880552813,16.166831194471868
1161114060.0,116.0,24.833333333333332,0.6666666666666679
1161114060.0,121.0,234.97599750623442,21.02400249376558
1161114060.0,122.0,10.022354694485841,7.977645305514159
1161114060.0,142.0,-0.5,0.5
1161114060.0,161.0,2.14128,1.6587199999999998
1161114060.0,162.0,999990.5714285715,0.4285714285215363
1161114060.0,163.0,999990.4285714285,0.5714285714784637
1161114061.0,111.0,27.0,2.5
1161114061.0,112.0,18.43548387096774,11.56451612903226
1161114061.0,113.0,26.810344827586206,2.6896551724137936
1161114061.0,114.0,34.54545454545455,6.454545454545453
1161114061.0,115.0,45.16785079928952,9.332149200710482
1161114061.0,116.0,24.5,0.5
1161114061.0,121.0,217.6949152542373,13.305084745762713
1161114061.0,122.0,11.923429319371728,9.576570680628272
1161114061.0,123.0,32.857142857142854,17.642857142857146
1161114061.0,141.0,52.5,2.5
1161114061.0,142.0,1.016629213483146,25.983370786516854
1161114061.0,143.0,27.125,2.375
1161114061.0,144.0,26.852941176470587,2.147058823529413
1161114061.0,145.0,-0.9052969502407705,26.90529695024077
1161114061.0,161.0,2.822418426103647,1.5775815738963535
1161114061.0,162.0,999990.5,0.5
1161114061.0,163.0,999990.5,0.5
1161114061.0,164.0,999990.5,0.5
1161114062.0,111.0,25.666666666666668,0.8333333333333321
1161114062.0,112.0,18.058568329718003,7.941431670281997
1161114062.0,113.0,18.76124916051041,6.73875083948959
1161114062.0,114.0,31.458333333333332,4.541666666666668
1161114062.0,115.0,50.42698639942734,12.573013600572658
1161114062.0,121.0,225.44782553569163,12.552174464308365
1161114062.0,122.0,11.639810426540285,6.860189573459715
1161114062.0,123.0,50.0,0.5
1161114062.0,142.0,-1.5000183076416096,0.5000183076416096
1161114062.0,145.0,0.5,0.5
1161114062.0,161.0,2.74967113276492,1.0503288672350797
1161114062.0,162.0,999990.5,0.5
1161114062.0,163.0,999990.5,0.5
1161114063.0,111.0,33.03846153846154,3.46153846153846
1161114063.0,112.0,33.56666666666667,3.93333333333333
1161114063.0,113.0,33.714285714285715,3.7857142857142847
1161114063.0,114.0,36.61344537815126,7.386554621848738
1161114063.0,115.0,51.775862068965516,13.224137931034484
1161114063.0,116.0,42.0,2.5
1161114063.0,121.0,213.4943056263811,12.505694373618894
1161114063.0,122.0,12.327906976744186,15.672093023255814
1161114063.0,123.0,35.31818181818182,15.18181818181818
1161114063.0,124.0,179.43627450980392,43.56372549019608
1161114063.0,125.0,11.555555555555555,21.444444444444443
1161114063.0,126.0,31.37890625,21.62109375
1161114063.0,141.0,50.27906976744186,3.720930232558139
1161114063.0,142.0,-1.3679430356753615,4.367943035675362
1161114063.0,143.0,24.0,1.5
1161114063.0,144.0,25.0,1.5
1161114063.0,145.0,-0.6828474915551107,12.68284749155511
1161114063.0,153.0,999990.5,0.5
1161114063.0,161.0,2.009443507588533,3.7905564924114667
1161114063.0,164.0,999990.5,0.5
1161114063.0,165.0,999990.5,0.5
1161114064.0,111.0,26.0,0.5
1161114064.0,113.0,16.79098712446352,5.70901287553648
1161114064.0,114.0,34.18,7.32
1161114064.0,115.0,48.94148089171974,11.058519108280258
1161114064.0,121.0,219.18562244301577,7.814377556984226
1161114064.0,122.0,10.690804229413649,5.809195770586351
1161114064.0,142.0,0.5000835421888054,0.49991645781119465
1161114064.0,145.0,0.5000623830318154,0.4999376169681846
1161114064.0,161.0,2.340836940836941,1.259163059163059
1161114065.0,111.0,26.0,1.0
1161114065.0,112.0,18.29395218002813,6.206047819971872
1161114065.0,113.0,26.5,0.5
1161114065.0,114.0,10033.47,989965.53
1161114065.0,115.0,54.54566284779051,12.45433715220949
1161114065.0,116.0,500011.75,499987.25
1161114065.0,121.0,219.59721797615407,7.40278202384593
1161114065.0,122.0,10.283984375,5.716015625000001
1161114065.0,141.0,54.0,0.0
1161114065.0,142.0,-0.5,0.5
1161114065.0,145.0,0.5,0.5
1161114065.0,161.0,1.9860589812332439,1.413941018766756
1161114066.0,111.0,27.0,1.5
1161114066.0,112.0,17.218532404927693,8.781467595072307
1161114066.0,113.0,20.353176721836626,6.1468232781633745
1161114066.0,114.0,35.77142857142857,10.228571428571428
1161114066.0,115.0,47.30867106503299,10.69132893496701
1161114066.0,116.0,24.0,0.5
1161114066.0,121.0,212.05774647887324,19.94225352112676
1161114066.0,122.0,12.067772633744855,9.432227366255145
1161114066.0,123.0,50.0,0.5
1161114066.0,142.0,-0.5,0.5
1161114066.0,152.0,999990.5,0.5
1161114066.0,153.0,999990.5,0.5
1161114066.0,161.0,2.500122199592668,1.6998778004073323
1161114066.0,162.0,999990.5,0.5
1161114066.0,163.0,999990.5,0.5
1161114067.0,111.0,24.82758620689655,2.1724137931034484
1161114067.0,112.0,21.428571428571427,7.571428571428573
1161114067.0,113.0,19.662045060658578,9.837954939341422
1161114067.0,114.0,27.736842105263158,3.2631578947368425
1161114067.0,115.0,44.474082073434126,9.025917926565874
1161114067.0,116.0,26.56206896551724,4.437931034482759
1161114067.0,121.0,230.56678401325325,7.433215986746745
1161114067.0,122.0,9.343770384866275,7.656229615133725
1161114067.0,142.0,-0.5,0.5
1161114067.0,145.0,0.500186667772846,1.4998133322271539
1161114067.0,161.0,2.1038179148311307,1.6961820851688691
1161114067.0,162.0,999990.5,0.5
1161114067.0,163.0,999990.5555555555,0.4444444444961846
1161114068.0,111.0,27.642857142857142,2.3571428571428577
1161114068.0,112.0,17.381828978622327,11.618171021377673
1161114068.0,113.0,27.0,2.5
1161114068.0,114.0,35.71818181818182,9.281818181818181
1161114068.0,115.0,48.97092774690039,14.029072253099613
1161114068.0,116.0,22.807692307692307,0.6923076923076934
1161114068.0,121.0,220.24346405228758,4.756535947712422
1161114068.0,122.0,12.668255921254998,16.331744078745004
1161114068.0,141.0,56.0,0.5
1161114068.0,142.0,-0.5000235050770967,0.5000235050770967
1161114068.0,161.0,2.7382063882063883,3.461793611793612
1161114068.0,162.0,999990.5,0.5
1161114068.0,163.0,999990.5,0.5
1161114069.0,111.0,26.666666666666668,0.8333333333333321
1161114069.0,112.0,18.02725250278087,9.472747497219132
1161114069.0,113.0,18.714492753623187,7.285507246376813
1161114069.0,114.0,30.055555555555557,6.444444444444443
1161114069.0,115.0,47.486684420772306,11.013315579227694
1161114069.0,116.0,24.75,1.75
1161114069.0,121.0,231.13343013875445,12.866569861245551
1161114069.0,122.0,12.271796372147454,12.728203627852546
1161114069.0,123.0,50.0,0.5
1161114069.0,142.0,-0.2,2.2
1161114069.0,161.0,2.950365358592693,2.849634641407307
1161114069.0,162.0,999990.5,0.5
1161114069.0,163.0,999990.5,0.5
1161114070.0,111.0,26.3,1.6999999999999993
1161114070.0,112.0,17.309494066208618,11.190505933791382
1161114070.0,113.0,19.05439429928741,9.44560570071259
1161114070.0,114.0,32.333333333333336,4.666666666666664
1161114070.0,115.0,47.3303730017762,9.669626998223798
1161114070.0,116.0,24.8,1.1999999999999993
1161114070.0,121.0,224.5761663286004,16.423833671399592
1161114070.0,122.0,11.042931937172774,22.957068062827226
1161114070.0,123.0,27.666666666666668,22.833333333333332
1161114070.0,141.0,53.0,0.5
1161114070.0,142.0,0.2786579683131407,5.721342031686859
1161114070.0,143.0,25.0,1.5
1161114070.0,144.0,25.25,1.25
1161114070.0,145.0,0.014468558708959377,14.985531441291041
1161114070.0,161.0,2.2899345930232555,3.5100654069767443
1161114070.0,162.0,999990.4444444445,0.5555555555038154
1161114070.0,163.0,999990.5555555555,0.4444444444961846
1161114070.0,164.0,999990.5,0.5
1161114071.0,111.0,24.833333333333332,1.6666666666666679
1161114071.0,112.0,14.14341463414634,11.85658536585366
1161114071.0,113.0,15.831202046035806,9.168797953964194
1161114071.0,114.0,35.26923076923077,8.730769230769234
1161114071.0,115.0,49.25966268446943,12.240337315530567
1161114071.0,116.0,25.03846153846154,0.4615384615384599
1161114071.0,121.0,236.3532601139997,14.64673988600029
1161114071.0,122.0,8.533350979354156,10.966649020645844
1161114071.0,142.0,0.5,0.5
1161114071.0,145.0,-0.5,0.5
1161114071.0,161.0,2.0875218455085633,2.312478154491437
1161114071.0,162.0,999990.4444444445,0.5555555555038154
1161114071.0,163.0,999990.5555555555,0.4444444444961846
1161114073.0,111.0,30.944444444444443,2.555555555555557
1161114073.0,112.0,31.444444444444443,2.555555555555557
1161114073.0,113.0,31.444444444444443,2.555555555555557
1161114073.0,114.0,32.35294117647059,7.647058823529413
1161114073.0,115.0,66.0,2.5
1161114073.0,116.0,33.0,1.0
1161114073.0,121.0,204.7317736467608,33.268226353239214
1161114073.0,122.0,10.714939896966229,33.28506010303377
1161114073.0,141.0,51.5,2.0
1161114073.0,142.0,0.4962722852512156,13.503727714748784
1161114073.0,143.0,26.0,1.0
1161114073.0,144.0,26.0,1.0
1161114073.0,145.0,-2.350769230769231,11.350769230769231
1161114073.0,152.0,999990.0,0.0
1161114073.0,153.0,999990.5,0.5
1161114073.0,161.0,1.3240216736905477,3.8759783263094523
1161114073.0,164.0,999990.5,0.5
1161114074.0,111.0,25.833333333333332,0.6666666666666679
1161114074.0,112.0,17.954611474219316,6.545388525780684
1161114074.0,113.0,17.307754442649436,7.692245557350564
1161114074.0,114.0,29.571428571428573,4.928571428571427
1161114074.0,115.0,56.11687413554633,10.883125864453667
1161114074.0,121.0,224.36349172677131,21.636508273228685
1161114074.0,122.0,8.802197802197803,8.197802197802197
1161114074.0,141.0,52.166666666666664,0.8333333333333357
1161114074.0,142.0,-0.5004052476131603,9.50040524761316
1161114074.0,143.0,26.0,0.5
1161114074.0,144.0,26.0,0.5
1161114074.0,161.0,1.8750931887495763,1.7249068112504238
1161114074.0,162.0,999990.5,0.5
1161114074.0,163.0,999990.5,0.5
1161114075.0,111.0,26.5,1.0
1161114075.0,112.0,16.74561403508772,10.75438596491228
1161114075.0,113.0,20.52524544179523,6.4747545582047685
1161114075.0,114.0,32.492753623188406,5.507246376811594
1161114075.0,115.0,60.93869463869464,17.561305361305358
1161114075.0,116.0,25.5,0.5
1161114075.0,121.0,218.52211538461538,13.477884615384625
1161114075.0,122.0,10.302615193026153,7.697384806973847
1161114075.0,123.0,39.62068965517241,10.879310344827587
1161114075.0,141.0,53.5,0.5
1161114075.0,142.0,-0.5,0.5
1161114075.0,144.0,27.5,0.5
1161114075.0,161.0,2.2417910447761193,1.5582089552238805
1161114075.0,162.0,999990.5,0.5
1161114075.0,163.0,999990.5,0.5
1161114075.0,164.0,999990.5,0.5
1161114076.0,111.0,25.0,0.5
1161114076.0,112.0,18.84082106893881,6.1591789310611915
1161114076.0,113.0,25.5,0.5
1161114076.0,114.0,32.58490566037736,4.415094339622641
1161114076.0,115.0,61.823246878001925,14.676753121998075
1161114076.0,121.0,217.53420358980796,11.465796410192041
1161114076.0,122.0,8.276672694394213,4.723327305605787
1161114076.0,123.0,50.0,0.5
1161114076.0,142.0,-0.5,0.5
1161114076.0,161.0,1.8165048543689322,0.9834951456310677
1161114077.0,111.0,25.0,0.5
1161114077.0,112.0,18.5,6.5
1161114077.0,113.0,18.16810344827586,5.831896551724139
1161114077.0,114.0,29.098039215686274,3.901960784313726
1161114077.0,115.0,69.06432387998356,13.435676120016439
1161114077.0,121.0,207.3910386965377,19.60896130346231
1161114077.0,122.0,11.94718973972086,8.55281026027914
1161114077.0,142.0,0.5,0.5
1161114077.0,161.0,2.3775782155272305,1.6224217844727695
1161114077.0,162.0,999990.5,0.5
1161114077.0,163.0,999990.5,0.5
1161114078.0,111.0,25.5,0.5
1161114078.0,112.0,20.785876993166287,4.714123006833713
1161114078.0,113.0,18.886115892139987,6.613884107860013
1161114078.0,114.0,31.581818181818182,4.418181818181818
1161114078.0,115.0,54.837885985748215,14.162114014251785
1161114078.0,121.0,219.66080180972727,18.339198190272725
1161114078.0,122.0,9.00173276857913,6.49826723142087
1161114078.0,142.0,-0.5,0.5
1161114078.0,161.0,1.8327798861480076,1.5672201138519923
1161114078.0,162.0,999990.5,0.5
1161114078.0,163.0,999990.5,0.5
1161115001.0,111.0,27.9,2.6000000000000014
1161115001.0,112.0,22.28187919463087,9.718120805369129
1161115001.0,113.0,26.496062992125985,6.503937007874015
1161115001.0,114.0,47648.579365079364,952350.4206349206
1161115001.0,115.0,37.5,8.0
1161115001.0,116.0,60630.106060606064,939368.8939393939
1161115001.0,121.0,226.2737622167329,12.726237783267095
1161115001.0,122.0,14.123574144486692,10.376425855513308
1161115001.0,123.0,31.34375,19.15625
1161115001.0,141.0,51.5,2.0
1161115001.0,142.0,5.274557657107993,11.725442342892007
1161115001.0,143.0,26.5,0.5
1161115001.0,161.0,2.9967560410460115,2.403243958953989
1161115001.0,162.0,999990.5,0.5
1161115001.0,163.0,999990.5,0.5
1161115001.0,164.0,999990.5,0.5
1161115004.0,111.0,26.666666666666668,0.8333333333333321
1161115004.0,112.0,14.728911783644559,12.271088216355441
1161115004.0,113.0,17.729007633587788,9.770992366412212
1161115004.0,114.0,71458.22619047618,928540.7738095238
1161115004.0,115.0,36.28285714285714,13.21714285714286
1161115004.0,116.0,433347.25,566651.75
1161115004.0,121.0,212.98324217386244,11.016757826137564
1161115004.0,122.0,14.80316742081448,17.696832579185518
1161115004.0,123.0,31.375,19.125
1161115004.0,141.0,51.0,0.5
1161115004.0,142.0,0.5137152777777778,6.486284722222222
1161115004.0,143.0,25.5,0.5
1161115004.0,144.0,25.0,0.5
1161115004.0,145.0,-2.305563618771166,1.3055636187711661
1161115004.0,161.0,3.1005598507064787,3.499440149293521
1161115004.0,162.0,999990.5555555555,0.4444444444961846
1161115004.0,163.0,999990.4444444445,0.5555555555038154
1161115004.0,164.0,999990.5,0.5
1161115005.0,111.0,26.833333333333332,1.1666666666666679
1161115005.0,112.0,25.13888888888889,3.3611111111111107
1161115005.0,113.0,17.20671378091873,11.29328621908127
1161115005.0,114.0,32.608108108108105,5.891891891891895
1161115005.0,115.0,40.96287703016241,13.03712296983759
1161115005.0,116.0,333349.93333333335,666649.0666666667
1161115005.0,121.0,233.26592270005443,8.734077299945568
1161115005.0,122.0,8.111842105263158,2.3881578947368425
1161115005.0,142.0,-0.49968374446552816,0.49968374446552816
1161115005.0,161.0,2.0827415359207264,0.3172584640792735
1161115005.0,162.0,999990.5,0.5
1161115005.0,163.0,999990.5,0.5
1161115006.0,111.0,27.07894736842105,2.4210526315789487
1161115006.0,112.0,22.784182305630026,7.715817694369974
1161115006.0,113.0,19.442857142857143,5.057142857142857
1161115006.0,114.0,37.35294117647059,7.647058823529413
1161115006.0,115.0,38.357142857142854,4.142857142857146
1161115006.0,116.0,439038.4105691057,560960.5894308942
1161115006.0,121.0,210.29975637181408,23.700243628185916
1161115006.0,122.0,13.468181818181819,7.531818181818181
1161115006.0,161.0,2.974571428571428,1.225428571428572
1161115006.0,162.0,999990.5,0.5
1161115006.0,163.0,999990.5,0.5
1161115010.0,111.0,25.5,1.0
1161115010.0,112.0,18.79806259314456,6.201937406855439
1161115010.0,113.0,18.915119363395224,6.584880636604776
1161115010.0,114.0,33.48969072164948,5.010309278350519
1161115010.0,115.0,50.055173894375265,11.444826105624735
1161115010.0,116.0,23.0,0.5
1161115010.0,121.0,225.6208142281506,18.379185771849393
1161115010.0,122.0,8.967373023881601,7.032626976118399
1161115010.0,142.0,0.5,0.5
1161115010.0,161.0,1.8933832217408426,1.3066167782591576
1161115010.0,162.0,999990.5,0.5
1161115010.0,163.0,999990.5,0.5
1161115011.0,111.0,23.272727272727273,2.2272727272727266
1161115011.0,112.0,14.851239669421487,7.648760330578513
1161115011.0,113.0,23.38372093023256,2.1162790697674403
1161115011.0,114.0,328885.8288590604,671113.1711409396
1161115011.0,115.0,35.89344262295082,9.606557377049178
1161115011.0,116.0,22.9,0.6000000000000014
1161115011.0,121.0,219.23467741935485,16.765322580645147
1161115011.0,122.0,8.78688524590164,2.71311475409836
1161115011.0,142.0,0.48717948717948717,0.5128205128205128
1161115011.0,145.0,-0.5002490265326451,0.5002490265326451
1161115011.0,152.0,999990.5,0.5
1161115011.0,153.0,999990.5,0.5
1161115011.0,161.0,2.1214765100671134,0.47852348993288674
1161115012.0,111.0,26.0,0.5
1161115012.0,112.0,16.248357424441526,9.251642575558474
1161115012.0,113.0,18.381253958201395,6.618746041798605
1161115012.0,114.0,35.770270270270274,6.229729729729726
1161115012.0,115.0,44.916739319965124,10.083260680034876
1161115012.0,116.0,23.316831683168317,1.6831683168316829
1161115012.0,121.0,228.31381915129973,11.686180848700275
1161115012.0,122.0,9.903632320237213,6.596367679762787
1161115012.0,123.0,50.0,0.5
1161115012.0,142.0,0.49951267056530213,0.5004873294346979
1161115012.0,161.0,2.196871549503128,1.403128450496872
1161115012.0,162.0,999990.5,0.5
1161115012.0,163.0,999990.5,0.5
1161115015.0,112.0,19.25984251968504,6.240157480314959
1161115015.0,113.0,19.898139079333987,5.101860920666013
1161115015.0,114.0,29.313432835820894,4.686567164179106
1161115015.0,115.0,62.418805216659656,12.081194783340344
1161115015.0,116.0,23.79136690647482,1.2086330935251794
1161115015.0,121.0,214.02982152270502,15.97017847729498
1161115015.0,122.0,10.580895008605852,5.419104991394148
1161115015.0,161.0,2.0878923766816144,1.1121076233183858
1161115015.0,162.0,999990.5,0.5
1161115015.0,163.0,999990.5,0.5
1161115017.0,111.0,24.666666666666668,0.8333333333333321
1161115017.0,112.0,16.15458663646659,8.84541336353341
1161115017.0,113.0,16.156213704994194,8.843786295005806
1161115017.0,114.0,37.138297872340424,9.861702127659576
1161115017.0,115.0,51.01563025210084,12.484369747899159
1161115017.0,116.0,23.5,0.5
1161115017.0,121.0,223.33551708001872,13.664482919981282
1161115017.0,122.0,11.299116997792494,5.700883002207506
1161115017.0,142.0,0.07142857142857142,0.9285714285714286
1161115017.0,145.0,0.46153846153846156,1.5384615384615383
1161115017.0,161.0,2.4541224076884163,1.1458775923115838
1161115017.0,162.0,999990.5,0.5
1161115017.0,163.0,999990.5,0.5
1161115018.0,111.0,23.693548387096776,0.8064516129032242
1161115018.0,112.0,24.011111111111113,0.48888888888888715
1161115018.0,113.0,14.598382749326145,8.901617250673855
1161115018.0,114.0,197699.07558139536,802299.9244186047
1161115018.0,115.0,32.574660633484164,9.425339366515836
1161115018.0,116.0,144348.30412371134,855650.6958762887
1161115018.0,121.0,215.9077566595729,19.092243340427103
1161115018.0,122.0,11.140506329113924,3.359493670886076
1161115018.0,142.0,0.5,0.5
1161115018.0,161.0,2.442829382044306,0.3571706179556937
1161115020.0,111.0,25.0,0.5
1161115020.0,112.0,15.249199003203987,7.750800996796013
1161115020.0,113.0,24.5,0.5
1161115020.0,114.0,29.452830188679247,4.547169811320753
1161115020.0,115.0,48.11180707798309,16.888192922016913
1161115020.0,116.0,24.5,0.5
1161115020.0,121.0,219.44014808720692,4.5598519127930786
1161115020.0,122.0,10.53117359413203,4.96882640586797
1161115020.0,142.0,-0.5,0.5
1161115020.0,161.0,2.051113716295428,1.348886283704572
1161115021.0,111.0,25.0,1.5
1161115021.0,112.0,19.782894736842106,4.717105263157894
1161115021.0,113.0,25.166666666666668,3.333333333333332
1161115021.0,114.0,32.871428571428574,4.628571428571426
1161115021.0,115.0,48.34782608695652,8.652173913043477
1161115021.0,116.0,24.833333333333332,0.6666666666666679
1161115021.0,121.0,212.91926710563985,14.080732894360153
1161115021.0,122.0,15.034511784511784,5.465488215488216
1161115021.0,142.0,0.35714285714285715,0.6428571428571428
1161115021.0,161.0,3.444294167371091,0.555705832628909
1161115022.0,111.0,26.5,1.5
1161115022.0,112.0,20.794117647058822,6.2058823529411775
1161115022.0,113.0,22.404255319148938,6.0957446808510625
1161115022.0,114.0,30.076923076923077,4.423076923076923
1161115022.0,115.0,41.248,6.7520000000000024
1161115022.0,121.0,229.78901394254999,9.210986057450015
1161115022.0,122.0,10.30451127819549,3.1954887218045105
1161115022.0,142.0,0.5047444789583422,1.4952555210416578
1161115022.0,161.0,2.6048625792811837,0.3951374207188163
1161115022.0,162.0,999990.5,0.5
1161115022.0,163.0,999990.5,0.5
1161115023.0,111.0,32.0,4.5
1161115023.0,112.0,25.558823529411764,12.441176470588236
1161115023.0,113.0,33.0,4.5
1161115023.0,114.0,32.145390070921984,6.354609929078016
1161115023.0,115.0,40.233333333333334,5.766666666666666
1161115023.0,116.0,33.5,4.0
1161115023.0,121.0,226.6119192204491,6.388080779550904
1161115023.0,122.0,11.392682926829268,6.607317073170732
1161115023.0,123.0,25.142857142857142,24.857142857142858
1161115023.0,141.0,52.5,1.0
1161115023.0,142.0,-0.5096776439462508,14.509677643946251
1161115023.0,143.0,27.0,0.5
1161115023.0,144.0,25.5,0.5
1161115023.0,145.0,-0.5102960102960103,17.51029601029601
1161115023.0,161.0,2.657154776804339,1.3428452231956611
1161115023.0,162.0,999990.6666666666,0.33333333337213844
1161115023.0,164.0,999990.5,0.5
1161115024.0,111.0,27.442857142857143,3.057142857142857
1161115024.0,112.0,25.692579505300355,6.307420494699645
1161115024.0,113.0,18.31098153547133,12.689018464528669
1161115024.0,114.0,30.516393442622952,5.983606557377048
1161115024.0,115.0,49.15342960288809,9.846570397111911
1161115024.0,116.0,25.9375,3.0625
1161115024.0,121.0,204.0100268761629,20.989973123837103
1161115024.0,122.0,14.774870466321243,16.725129533678757
1161115024.0,142.0,0.49335548172757476,1.5066445182724253
1161115024.0,161.0,2.6455426356589147,3.154457364341085
1161115024.0,162.0,999990.5,0.5
1161115024.0,163.0,999990.5,0.5
1161115025.0,111.0,24.5,0.5
1161115025.0,112.0,18.735457063711912,5.764542936288088
1161115025.0,114.0,27.785714285714285,4.714285714285715
1161115025.0,115.0,55.8498023715415,13.1501976284585
1161115025.0,116.0,23.0,0.5
1161115025.0,121.0,223.96269086718524,8.037309132814755
1161115025.0,122.0,7.890960451977401,3.109039548022599
1161115025.0,123.0,50.0,0.5
1161115025.0,142.0,0.5,0.5
1161115025.0,161.0,1.5620847651775485,0.8379152348224514
1161115026.0,111.0,26.666666666666668,0.8333333333333321
1161115026.0,112.0,25.4,3.1000000000000014
1161115026.0,113.0,21.57685950413223,6.42314049586777
1161115026.0,114.0,33.83018867924528,6.669811320754718
1161115026.0,115.0,37.57414104882459,9.925858951175407
1161115026.0,116.0,24.0,0.0
1161115026.0,121.0,228.50093167701863,9.499068322981373
1161115026.0,122.0,9.35257731958763,16.64742268041237
1161115026.0,123.0,42.310344827586206,8.189655172413794
1161115026.0,141.0,53.5,1.0
1161115026.0,142.0,-2.0526315789473686,18.05263157894737
1161115026.0,143.0,27.0,0.5
1161115026.0,161.0,1.9028896257697774,3.497110374230223
1161115026.0,163.0,999990.5,0.5
1161115026.0,164.0,999990.5,0.5
1161115028.0,111.0,25.64814814814815,1.3518518518518512
1161115028.0,112.0,23.681818181818183,4.318181818181817
1161115028.0,113.0,23.11904761904762,5.38095238095238
1161115028.0,114.0,30.09090909090909,3.90909090909091
1161115028.0,115.0,52.52430133657351,13.475698663426492
1161115028.0,116.0,25.5,0.5
1161115028.0,121.0,219.32388823297913,17.67611176702087
1161115028.0,122.0,7.903795811518324,18.596204188481675
1161115028.0,123.0,43.074074074074076,7.425925925925924
1161115028.0,142.0,0.7,3.3
1161115028.0,145.0,0.5004701517192305,4.499529848280769
1161115028.0,161.0,1.4632941176470589,1.936705882352941
1161115028.0,162.0,999990.5,0.5
1161115028.0,163.0,999990.5555555555,0.4444444444961846
1161115028.0,164.0,999990.5,0.5
1161115029.0,111.0,24.833333333333332,0.6666666666666679
1161115029.0,112.0,25.0,0.5
1161115029.0,113.0,19.15274949083503,5.847250509164969
1161115029.0,114.0,29.28,5.719999999999999
1161115029.0,115.0,76.67593913456966,5.82406086543034
1161115029.0,121.0,219.93543837655724,10.064561623442756
1161115029.0,122.0,7.9365345869711215,9.06346541302888
1161115029.0,123.0,34.45,15.549999999999997
1161115029.0,141.0,54.5,1.0
1161115029.0,142.0,0.48888271261812116,10.511117287381879
1161115029.0,143.0,26.5,0.5
1161115029.0,161.0,1.6553314121037466,1.9446685878962535
1161115029.0,163.0,999990.5,0.5
1161115029.0,164.0,999990.5,0.5
1161115030.0,111.0,24.666666666666668,0.33333333333333215
1161115030.0,112.0,15.835616438356164,9.664383561643836
1161115030.0,113.0,23.888235294117646,4.111764705882354
1161115030.0,114.0,28.291044776119403,3.208955223880597
1161115030.0,115.0,46.9794762915782,17.0205237084218
1161115030.0,116.0,23.04385964912281,1.4561403508771917
1161115030.0,121.0,234.86364729458919,17.136352705410815
1161115030.0,122.0,10.080278128950695,11.419721871049305
1161115030.0,142.0,0.5076923076923077,1.4923076923076923
1161115030.0,152.0,999990.5,0.5
1161115030.0,153.0,999990.5,0.5
1161115030.0,161.0,2.2783600713012477,2.521639928698752
1161115030.0,162.0,999990.5384615385,0.46153846150264144
1161115030.0,163.0,999990.4615384615,0.5384615384973586
1161115031.0,111.0,31.071428571428573,1.428571428571427
1161115031.0,112.0,31.571428571428573,1.428571428571427
1161115031.0,113.0,31.571428571428573,1.428571428571427
1161115031.0,114.0,29.95,4.050000000000001
1161115031.0,115.0,64.5,1.0
1161115031.0,116.0,30.5,0.5
1161115031.0,121.0,220.25972713491663,11.74027286508337
1161115031.0,122.0,5.5,0.5
1161115031.0,123.0,50.0,0.5
1161115031.0,142.0,0.5000420822286749,1.4999579177713251
1161115031.0,161.0,1.1000000000000003,0.09999999999999964
1161115032.0,111.0,34.0,2.0
1161115032.0,112.0,34.0,2.5
1161115032.0,113.0,34.0,2.5
1161115032.0,114.0,34.641975308641975,9.358024691358025
1161115032.0,115.0,47.0,2.0
1161115032.0,116.0,31.5,0.5
1161115032.0,121.0,216.64130635340427,7.358693646595725
1161115032.0,122.0,15.93452380952381,26.06547619047619
1161115032.0,141.0,52.5,1.5
1161115032.0,142.0,-1.6006825938566553,16.600682593856654
1161115032.0,143.0,27.2,0.8000000000000007
1161115032.0,161.0,1.99442119944212,5.80557880055788
1161115032.0,164.0,999990.5,0.5
1161115034.0,111.0,25.0,1.0
1161115034.0,112.0,17.541666666666668,8.458333333333332
1161115034.0,113.0,18.3184584178499,7.1815415821501
1161115034.0,114.0,29.192307692307693,4.807692307692307
1161115034.0,115.0,37.848,12.652000000000001
1161115034.0,116.0,22.12121212121212,1.378787878787879
1161115034.0,121.0,226.7502097902098,10.249790209790206
1161115034.0,122.0,10.225694444444445,3.7743055555555554
1161115034.0,123.0,50.0,0.5
1161115034.0,142.0,0.5,0.5
1161115034.0,162.0,999990.5,0.5
1161115034.0,163.0,999990.5,0.5
1161115035.0,111.0,28.0,2.0
1161115035.0,112.0,28.772727272727273,2.7272727272727266
1161115035.0,113.0,14.42441020702937,10.07558979297063
1161115035.0,114.0,31.80392156862745,13.696078431372548
1161115035.0,115.0,48.1044703595724,18.395529640427597
1161115035.0,116.0,433347.05,566651.95
1161115035.0,121.0,221.05979407021462,3.940205929785378
1161115035.0,122.0,10.36145251396648,8.63854748603352
1161115035.0,123.0,23.653846153846153,26.346153846153847
1161115035.0,141.0,54.0,1.0
1161115035.0,142.0,-0.44545454545454544,9.445454545454545
1161115035.0,143.0,27.0,0.5
1161115035.0,152.0,999991.0,0.0
1161115035.0,153.0,999990.5,0.5
1161115035.0,161.0,2.3856108597285073,1.814389140271493
1161115035.0,163.0,999990.5,0.5
1161115035.0,164.0,999990.5,0.5
1161115036.0,111.0,25.333333333333332,0.6666666666666679
1161115036.0,112.0,20.772961816305468,5.227038183694532
1161115036.0,113.0,18.885117493472585,6.114882506527415
1161115036.0,114.0,152465.1219512195,847533.8780487805
1161115036.0,115.0,58.473143390938816,11.526856609061184
1161115036.0,116.0,15220.73556231003,984778.2644376899
1161115036.0,121.0,218.13079374275782,11.869206257242183
1161115036.0,122.0,9.146730132450331,5.853269867549669
1161115036.0,123.0,50.0,0.5
1161115036.0,142.0,-0.5,0.5
1161115036.0,161.0,1.5743354720439964,1.6256645279560038
1161115036.0,162.0,999990.5,0.5
1161115036.0,163.0,999990.5,0.5
1161115037.0,111.0,25.5,1.5
1161115037.0,112.0,25.5,1.0
1161115037.0,113.0,24.63157894736842,1.3684210526315788
1161115037.0,115.0,35.68330733229329,9.316692667706711
1161115037.0,116.0,22.5,0.5
1161115037.0,121.0,226.15747594374537,17.842524056254632
1161115037.0,122.0,12.285276073619633,8.214723926380367
1161115037.0,141.0,53.666666666666664,0.8333333333333357
1161115037.0,142.0,1.7924528301886793,13.20754716981132
1161115037.0,143.0,26.5,0.5
1161115037.0,161.0,3.253259361997226,0.9467406380027743
1161115037.0,164.0,999990.5,0.5
1161115038.0,111.0,25.9,2.1000000000000014
1161115038.0,112.0,24.952380952380953,3.0476190476190474
1161115038.0,113.0,18.08,9.920000000000002
1161115038.0,114.0,29797.339285714286,970201.6607142857
1161115038.0,115.0,47.84495488105004,11.155045118949957
1161115038.0,116.0,277793.6759259259,722205.3240740742
1161115038.0,121.0,220.36843018213355,13.631569817866449
1161115038.0,122.0,8.352966841186737,8.647033158813263
1161115038.0,123.0,32.833333333333336,17.666666666666664
1161115038.0,141.0,52.5,1.5
1161115038.0,142.0,-0.6144578313253012,12.614457831325302
1161115038.0,143.0,26.0,1.0
1161115038.0,161.0,1.9397959183673468,1.6602040816326533
1161115038.0,162.0,999990.5,0.5
1161115038.0,163.0,999991.0,0.0
1161115038.0,164.0,999990.5,0.5
1161115039.0,111.0,25.625,1.875
1161115039.0,112.0,16.844094488188976,9.655905511811024
1161115039.0,113.0,18.875,10.125
1161115039.0,114.0,32.10344827586207,4.896551724137929
1161115039.0,115.0,44.69631031220435,10.803689687795647
1161115039.0,116.0,23.61111111111111,1.3888888888888893
1161115039.0,121.0,214.2260518183979,22.773948181602094
1161115039.0,122.0,8.258854394403148,8.241145605596852
1161115039.0,142.0,0.5,0.5
1161115039.0,161.0,1.8132592849704963,1.386740715029504
1161115039.0,162.0,999990.5,0.5
1161115039.0,163.0,999990.5,0.5
1161115040.0,111.0,26.25,2.75
1161115040.0,112.0,16.634223918575064,13.365776081424936
1161115040.0,113.0,16.21952957947256,13.78047042052744
1161115040.0,114.0,34.0,8.0
1161115040.0,115.0,49.727373887240354,13.772626112759646
1161115040.0,116.0,146807.89449541285,853191.1055045872
1161115040.0,121.0,217.91149224983948,21.088507750160517
1161115040.0,122.0,9.353409090909091,9.146590909090909
1161115040.0,123.0,34.5125,15.987499999999997
1161115040.0,141.0,54.0,2.5
1161115040.0,142.0,0.5759548106650549,9.424045189334946
1161115040.0,143.0,26.166666666666668,0.8333333333333321
1161115040.0,144.0,26.166666666666668,0.8333333333333321
1161115040.0,145.0,-0.49701158012700786,7.497011580127008
1161115040.0,161.0,2.015375375375376,1.784624624624624
1161115040.0,162.0,999990.4444444445,0.5555555555038154
1161115040.0,163.0,999990.5555555555,0.4444444444961846
1161115040.0,164.0,999990.5,0.5
1161115041.0,111.0,26.5,2.5
1161115041.0,112.0,17.292951541850222,10.707048458149778
1161115041.0,113.0,26.264705882352942,3.735294117647058
1161115041.0,114.0,32.81111111111111,5.68888888888889
1161115041.0,115.0,50.02454212454212,10.475457875457877
1161115041.0,116.0,24.0,0.5
1161115041.0,121.0,214.54408169135624,19.45591830864376
1161115041.0,122.0,6.461253091508656,4.538746908491344
1161115041.0,123.0,34.925,15.575000000000003
1161115041.0,124.0,171.15887850467288,25.841121495327116
1161115041.0,125.0,3.75,3.25
1161115041.0,126.0,32.79545454545455,13.704545454545453
1161115041.0,141.0,51.642857142857146,1.357142857142854
1161115041.0,142.0,-0.19642857142857142,15.196428571428571
1161115041.0,143.0,26.0,0.5
1161115041.0,161.0,1.5228658536585367,0.6771341463414635
1161115041.0,162.0,999990.5,0.5
1161115041.0,164.0,999990.5,0.5
1161115041.0,165.0,999990.5,0.5
1161115042.0,111.0,25.8,3.1999999999999993
1161115042.0,112.0,21.827830188679247,7.672169811320753
1161115042.0,113.0,27.2,2.3000000000000007
1161115042.0,114.0,31.952,5.047999999999998
1161115042.0,115.0,45.38070175438597,11.619298245614033
1161115042.0,116.0,27800.76388888889,972198.2361111111
1161115042.0,121.0,228.4029400678477,10.597059932152291
1161115042.0,122.0,7.464932126696833,4.535067873303167
1161115042.0,123.0,28.58823529411765,22.41176470588235
1161115042.0,141.0,51.88461538461539,2.115384615384613
1161115042.0,142.0,1.7487833140208575,23.25121668597914
1161115042.0,143.0,26.166666666666668,0.8333333333333321
1161115042.0,161.0,1.6667457024303494,1.1332542975696505
1161115042.0,162.0,999990.5,0.5
1161115042.0,164.0,999990.5,0.5
1161115044.0,111.0,24.0,3.0
1161115044.0,112.0,19.103092783505154,8.396907216494846
1161115044.0,113.0,15.813111545988258,11.686888454011742
1161115044.0,114.0,30.96969696969697,3.530303030303031
1161115044.0,115.0,41.39045287637699,14.60954712362301
1161115044.0,116.0,22.214285714285715,1.2857142857142847
1161115044.0,121.0,218.35438813349813,16.645611866501866
1161115044.0,122.0,13.002840909090908,11.997159090909092
1161115044.0,123.0,37.541666666666664,12.958333333333336
1161115044.0,141.0,51.785714285714285,1.7142857142857153
1161115044.0,142.0,2.6363636363636362,9.363636363636363
1161115044.0,143.0,26.0,0.5
1161115044.0,161.0,2.5721889554224884,2.627811044577512
1161115044.0,162.0,999991.0,0.0
1161115044.0,163.0,999990.5,0.5
1161115044.0,164.0,999990.5,0.5
1170410000.0,111.0,25.948453608247423,2.051546391752577
1170410000.0,112.0,16.838348495451363,10.161651504548637
1170410000.0,113.0,19.70967741935484,6.79032258064516
1170410000.0,114.0,29.9,1.1000000000000014
1170410000.0,115.0,57.72653939230976,14.77346060769024
1170410000.0,116.0,22.3840830449827,1.6159169550173011
1170410000.0,121.0,218.51354032338062,10.486459676619376
1170410000.0,122.0,6.9474196689386565,6.5525803310613435
1170410000.0,141.0,56.142857142857146,1.357142857142854
1170410000.0,142.0,0.5000077443737125,0.49999225562628746
1170410000.0,145.0,0.5,0.5
1170410000.0,152.0,999990.5,0.5
1170410000.0,153.0,999990.5,0.5
1170410000.0,161.0,1.493846153846154,1.506153846153846
1170410000.0,162.0,999990.5,0.5
1170410000.0,163.0,999990.5,0.5
